Objects, Triangles, Av. Frame Rate
0,0,71.79525
100,96000,71.81269
200,192000,71.81956
300,288000,71.82685
400,384000,71.81643
500,480000,71.80694
1000,960000,71.7997
1500,1440000,36.12435
2000,1920000,35.87603
2500,2400000,23.92414
3000,2880000,23.94293
3500,3360000,18.09336
