Objects, Triangles, Av. Frame Rate
0,0,71.76252
100,96000,71.79432
200,192000,71.82552
300,288000,71.82082
400,384000,71.78645
500,480000,71.80575
1000,960000,71.7383
1500,1440000,43.14063
2000,1920000,35.91512
2500,2400000,35.49127
3000,2880000,23.93328
3500,3360000,23.93589
